"resId","resName","passId","fName","mName","lName","gender","addrLine1","addrLine2","city","state","zip","country"
"R-836511185","1 passenger from LHEN: 2218-12-10T20:00 to 2219-01-10","P-907246526","Noah","O","Meadows","X","6425 Ross Lock","Apt. 046","Port Wilfred","","","Great Britain"
"R-79362327","1 passenger from CTWV: 2218-12-21T18:20 to 2219-01-24","P-115830975","Hailey","Y","Allen","X","99055 Lueilwitz Key","Apt. 209","West Thimouth","OR","28497","United States"
"R-774715665","1 passenger from LGCA: 2218-12-17T06:10 to 2219-01-10","P-703811547","Madison","Z","Harrison","X","97507 Reinger Harbors","","Moenbury","SD","27572","United States"
"R-692081327","4 passengers from CTWV: 2218-12-18T04:50 to 2219-01-24","P-809212941","Blake","M","Snider","M","574 Prohaska Road","Apt. 989","West Angie","WV","59400","United States"
"R-692081327","4 passengers from CTWV: 2218-12-18T04:50 to 2219-01-24","P-942701154","Jayden","U","Ball","M","8512 Tamera Roads","Apt. 426","Lubowitzbury","NC","85044","United States"
"R-692081327","4 passengers from CTWV: 2218-12-18T04:50 to 2219-01-24","P-367320892","Anna","A","Holt","F","446 Phuong Stream","","South Bernardineshire","LA","45286","United States"
"R-692081327","4 passengers from CTWV: 2218-12-18T04:50 to 2219-01-24","P-299605210","Elizabeth","S","Landry","X","783 Cedrick Oval","Apt. 376","East Lazarochester","OK","21857","United States"
"R-22280640","3 passengers from LHEN: 2218-12-09T20:20 to 2219-01-10","P-397525349","Oliver","Z","Cline","X","9103 Laverna Manor","","Shirlland","","","Great Britain"
"R-22280640","3 passengers from LHEN: 2218-12-09T20:20 to 2219-01-10","P-761324580","Maya","H","Riddle","X","12698 Maire Rapid","","Schadenview","","","Great Britain"
"R-22280640","3 passengers from LHEN: 2218-12-09T20:20 to 2219-01-10","P-809458143","Brandon","B","Decker","X","63489 Mueller Junctions","Apt. 220","Moorechester","","","Great Britain"
"R-186969472","1 passenger from LGCA: 2218-12-21T07:10 to 2219-01-10","P-509345850","Zachary","G","Klein","M","532 Halvorson Spurs","Apt. 329","Lake Renetta","WI","23856","United States"
"R-86219725","2 passengers from LHEN: 2218-12-08T12:20 to 2219-01-10","P-221813398","Genesis","I","Justice","F","553 Valrie Ridges","","Kayland","","","Great Britain"
"R-86219725","2 passengers from LHEN: 2218-12-08T12:20 to 2219-01-10","P-153975221","Ethan","X","Mcclain","M","73160 Carolyne Spurs","","Donnellland","","","Great Britain"
"R-889890813","4 passengers from LHEN: 2218-12-14T07:00 to 2219-01-04","P-457473452","Sydney","E","Becker","F","675 Clotilde Bridge","Apt. 499","Sandytown","","","Great Britain"
"R-889890813","4 passengers from LHEN: 2218-12-14T07:00 to 2219-01-04","P-514239279","Charlotte","K","Gaines","F","2925 Shanita Fork","","Guillermobury","","","Great Britain"
"R-889890813","4 passengers from LHEN: 2218-12-14T07:00 to 2219-01-04","P-903442734","Ava","L","Melendez","F","052 Abel Locks","","North Vanville","","","Great Britain"
"R-889890813","4 passengers from LHEN: 2218-12-14T07:00 to 2219-01-04","P-456073597","Austin","G","Mitchell","X","170 Roni Island","","South Clintonport","","","Great Britain"
"R-218994080","2 passengers from SJCR: 2218-12-17T09:00 to 2219-01-07","P-720333822","Luke","Q","Dalton","M","09347 Dee Land","Apt. 151","South Joaquin","","","Costa Rica"
"R-218994080","2 passengers from SJCR: 2218-12-17T09:00 to 2219-01-07","P-234861996","Matthew","T","Oneal","X","9475 Delana Roads","","West Sherlyn","","","Costa Rica"
"R-438763379","1 passenger from UBMO: 2218-12-06T15:10 to 2219-01-06","P-805504290","Jose","G","Fulton","M","241 Scot Fall","","Oberbrunnerberg","","","Mongolia"
"R-203022397","3 passengers from LHEN: 2218-11-30T10:50 to 2219-01-04","P-421779261","Christopher","D","Hunt","M","7083 Ryan Point","","Lake Sanda","","","Great Britain"
"R-203022397","3 passengers from LHEN: 2218-11-30T10:50 to 2219-01-04","P-211899509","Scarlett","Z","Romero","F","073 Ryan Creek","","Delbertville","","","Great Britain"
"R-203022397","3 passengers from LHEN: 2218-11-30T10:50 to 2219-01-04","P-601480631","Morgan","W","Thompson","X","0530 Katerine Loop","Suite 036","West Kayleeport","","","Great Britain"
"R-432209785","4 passengers from LHEN: 2218-12-03T16:00 to 2219-01-04","P-326399535","Aria","W","Vance","X","20721 Kirstie Court","Suite 088","Luannborough","","","Great Britain"
"R-432209785","4 passengers from LHEN: 2218-12-03T16:00 to 2219-01-04","P-804845320","Bailey","T","Mcpherson","F","99061 Rachael Via","","Abelmouth","","","Great Britain"
"R-432209785","4 passengers from LHEN: 2218-12-03T16:00 to 2219-01-04","P-369371196","John","L","Wilkerson","X","0253 Freeman Street","","New Delmer","","","Great Britain"
"R-432209785","4 passengers from LHEN: 2218-12-03T16:00 to 2219-01-04","P-572968005","Alexis","K","Pennington","X","568 Casper Prairie","Apt. 274","Geraldchester","","","Great Britain"
"R-333495610","4 passengers from UBMO: 2218-11-29T18:00 to 2219-01-06","P-403787357","Cameron","Q","Terry","M","2401 Gaston Unions","Apt. 713","Kassulkeland","","","Mongolia"
"R-333495610","4 passengers from UBMO: 2218-11-29T18:00 to 2219-01-06","P-799195080","Ryder","W","Duke","M","9186 Luettgen Flat","Apt. 468","Bechtelarville","","","Mongolia"
"R-333495610","4 passengers from UBMO: 2218-11-29T18:00 to 2219-01-06","P-497093136","Hannah","B","Cotton","X","7170 Angelo Parkway","","South Tiara","","","Mongolia"
"R-333495610","4 passengers from UBMO: 2218-11-29T18:00 to 2219-01-06","P-491496090","Lillian","W","Cotton","F","35741 MacGyver Alley","Apt. 327","East Jay","","","Mongolia"
"R-727564929","2 passengers from LGCA: 2218-12-14T05:50 to 2218-12-31","P-508127940","Amelia","M","Rivas","F","9930 Clement Dale","","North Nicolamouth","LA","23383","United States"
"R-727564929","2 passengers from LGCA: 2218-12-14T05:50 to 2218-12-31","P-920192670","Dominic","Q","Johns","M","2133 Sharri Unions","","Leochester","AR","05163","United States"
"R-260070986","4 passengers from LHEN: 2218-11-28T10:10 to 2219-01-04","P-357123291","Victoria","O","Buck","F","60019 Mitchel Knolls","","Kiabury","","","Great Britain"
"R-260070986","4 passengers from LHEN: 2218-11-28T10:10 to 2219-01-04","P-308774829","Savannah","S","Phelps","X","6137 Schinner Walks","","Hansenville","","","Great Britain"
"R-260070986","4 passengers from LHEN: 2218-11-28T10:10 to 2219-01-04","P-62288376","Alexander","E","Richmond","M","6075 Dong Estates","","South Tilliebury","","","Great Britain"
"R-260070986","4 passengers from LHEN: 2218-11-28T10:10 to 2219-01-04","P-216982103","Luis","Q","Lara","X","69644 Nolan River","","Goyetteborough","","","Great Britain"
"R-675915487","5 passengers from SJCR: 2218-12-04T10:50 to 2218-12-27","P-133974253","Natalie","V","Crawford","F","76398 Williamson Lane","","Lynettefort","","","Costa Rica"
"R-675915487","5 passengers from SJCR: 2218-12-04T10:50 to 2218-12-27","P-930919391","Mason","E","Harmon","M","745 Tromp Overpass","Suite 034","West Tyrone","","","Costa Rica"
"R-675915487","5 passengers from SJCR: 2218-12-04T10:50 to 2218-12-27","P-455943583","Kayden","E","Justice","X","051 Garry Center","","East Jedfort","","","Costa Rica"
"R-675915487","5 passengers from SJCR: 2218-12-04T10:50 to 2218-12-27","P-994492545","Connor","N","Simpson","M","9390 Eloy Valley","Suite 382","Lake Raquel","","","Costa Rica"
"R-675915487","5 passengers from SJCR: 2218-12-04T10:50 to 2218-12-27","P-574488207","Amelia","N","Michael","F","540 Krishna Crest","","Haagmouth","","","Costa Rica"
"R-958342115","3 passengers from LHEN: 2218-12-02T16:00 to 2219-01-04","P-826712110","Parker","N","Burt","M","2913 Herman Lock","Suite 576","Port Lavonia","","","Great Britain"
"R-958342115","3 passengers from LHEN: 2218-12-02T16:00 to 2219-01-04","P-431088162","Alexandra","A","Carson","F","76143 Stracke Trail","Apt. 500","Port Lavondahaven","","","Great Britain"
"R-958342115","3 passengers from LHEN: 2218-12-02T16:00 to 2219-01-04","P-369238783","Jacob","F","Burris","X","3382 Betsey Flats","","North Phyliciaburgh","","","Great Britain"
"R-442439911","4 passengers from SJCR: 2218-12-09T01:30 to 2219-01-07","P-207770789","Samuel","M","Dickerson","M","2751 Roberts Trail","","East Juliantown","","","Costa Rica"
"R-442439911","4 passengers from SJCR: 2218-12-09T01:30 to 2219-01-07","P-944409433","Grace","B","Simon","X","283 Schulist Run","","Mildaport","","","Costa Rica"
"R-442439911","4 passengers from SJCR: 2218-12-09T01:30 to 2219-01-07","P-464787838","Ryder","T","Aguirre","M","295 Raphael Pass","Suite 426","Lake Janellechester","","","Costa Rica"
"R-442439911","4 passengers from SJCR: 2218-12-09T01:30 to 2219-01-07","P-282126304","Christopher","V","Mooney","X","8414 Colette Isle","Suite 000","O'Reillychester","","","Costa Rica"
"R-172549899","4 passengers from SJCR: 2218-12-07T03:20 to 2219-01-07","P-121395444","Ethan","Q","Pollard","X","03662 Dibbert Inlet","Suite 434","Sandistad","","","Costa Rica"
"R-172549899","4 passengers from SJCR: 2218-12-07T03:20 to 2219-01-07","P-663650236","Hailey","T","Bass","F","4031 Gaylord Run","","New Jacquilineside","","","Costa Rica"
"R-172549899","4 passengers from SJCR: 2218-12-07T03:20 to 2219-01-07","P-518254607","Kaylee","N","York","F","86609 Raynor Manors","","Tomton","","","Costa Rica"
"R-172549899","4 passengers from SJCR: 2218-12-07T03:20 to 2219-01-07","P-508112334","Jaxon","U","Payne","M","33008 White Trace","Apt. 562","Ferrychester","","","Costa Rica"
"R-830495778","2 passengers from UBMO: 2218-12-07T16:20 to 2219-01-06","P-119021540","Thomas","Y","Herman","X","72645 Robby Square","","Lakishaberg","","","Mongolia"
"R-830495778","2 passengers from UBMO: 2218-12-07T16:20 to 2219-01-06","P-557421398","Hailey","Z","Bradshaw","F","8563 Hyatt Bypass","Suite 239","Port Diann","","","Mongolia"
"R-977203419","2 passengers from SJCR: 2218-11-30T05:50 to 2218-12-11","P-537402706","Emma","L","Curtis","X","36364 Benton Ferry","","East Johnside","","","Costa Rica"
"R-977203419","2 passengers from SJCR: 2218-11-30T05:50 to 2218-12-11","P-925793491","Luke","L","Woods","X","8982 Lind Knolls","Suite 890","New Kelvinchester","","","Costa Rica"
"R-482651497","1 passenger from LHEN: 2218-12-15T17:10 to 2219-01-04","P-304967206","Kaylee","R","Hoover","X","668 Tonya Mission","","West Blaine","","","Great Britain"
"R-898252497","2 passengers from CTWV: 2218-11-29T04:40 to 2219-01-01","P-125364022","Andrea","Z","Burgess","F","976 Sophie Hollow","Apt. 750","Juanaside","AK","43038","United States"
"R-898252497","2 passengers from CTWV: 2218-11-29T04:40 to 2219-01-01","P-123619771","Brayden","G","Dominguez","M","0946 Cary Green","","South Septemberside","MA","76857","United States"
"R-238164260","1 passenger from LHEN: 2218-12-06T19:50 to 2219-01-04","P-90357103","Katherine","P","Obrien","X","8462 Miller Locks","Suite 675","Alanshire","","","Great Britain"
"R-67074425","1 passenger from SJCR: 2218-11-29T06:20 to 2219-01-07","P-151477908","Nathan","U","Bowers","X","584 Prince Oval","","Hermistonhaven","","","Costa Rica"
"R-491631815","4 passengers from LHEN: 2218-12-18T08:40 to 2219-01-10","P-39626667","Samantha","F","Henderson","X","631 Hettinger Knolls","","Durganfort","","","Great Britain"
"R-491631815","4 passengers from LHEN: 2218-12-18T08:40 to 2219-01-10","P-26119501","Cameron","I","Combs","M","05609 Wolff View","Apt. 441","Lake Lethabury","","","Great Britain"
"R-491631815","4 passengers from LHEN: 2218-12-18T08:40 to 2219-01-10","P-176887233","Bella","O","Lamb","F","063 Bahringer Parkway","Suite 555","South Khalilahtown","","","Great Britain"
"R-491631815","4 passengers from LHEN: 2218-12-18T08:40 to 2219-01-10","P-976679274","Oliver","C","Winters","M","140 Ward Shores","Apt. 487","North Lloyd","","","Great Britain"
"R-727467303","2 passengers from LGCA: 2218-12-17T06:10 to 2218-12-31","P-279650970","Thomas","W","Buchanan","X","38261 Hipolito Parkways","Suite 243","North Michaelamouth","AZ","45428","United States"
"R-727467303","2 passengers from LGCA: 2218-12-17T06:10 to 2218-12-31","P-567162860","Tristan","S","Christian","M","8180 Rohan Via","","Erasmostad","ND","42007","United States"
"R-563723908","2 passengers from LGCA: 2218-12-09T06:20 to 2218-12-31","P-289926460","Leah","U","Hatfield","X","364 McDermott Point","","South Marylnchester","LA","78235","United States"
"R-563723908","2 passengers from LGCA: 2218-12-09T06:20 to 2218-12-31","P-730920775","Arianna","Z","Dickerson","X","5597 Medhurst Port","Apt. 950","Lucienberg","GA","61701","United States"
"R-289801034","2 passengers from CTWV: 2218-11-30T10:10 to 2218-12-23","P-746693842","Grayson","U","Mayer","M","19766 Ranae Locks","","West Jaime","OH","08861","United States"
"R-289801034","2 passengers from CTWV: 2218-11-30T10:10 to 2218-12-23","P-320828430","Bryson","M","Henson","M","018 Spinka Roads","Apt. 460","Gislasonmouth","KY","34092","United States"
"R-275254696","4 passengers from LGCA: 2218-12-04T11:40 to 2218-12-31","P-113050623","Sophia","W","Richmond","F","7183 Leffler Mill","","Franchescaside","CT","98130","United States"
"R-275254696","4 passengers from LGCA: 2218-12-04T11:40 to 2218-12-31","P-92196667","Bella","L","Porter","F","12525 Breann Islands","","North Mikki","DE","81688","United States"
"R-275254696","4 passengers from LGCA: 2218-12-04T11:40 to 2218-12-31","P-62183671","John","K","Goodwin","M","60579 Stark Key","","Wunschview","AK","17720","United States"
"R-275254696","4 passengers from LGCA: 2218-12-04T11:40 to 2218-12-31","P-294024417","Olivia","R","Gillespie","F","10757 Lucy Locks","","Champlinview","NY","19033","United States"
"R-743095236","4 passengers from UBMO: 2218-11-30T15:10 to 2219-02-06","P-164946423","Hailey","B","Poole","F","3603 Reichert Road","","Reillyhaven","","","Mongolia"
"R-743095236","4 passengers from UBMO: 2218-11-30T15:10 to 2219-02-06","P-2039818","Gabriel","A","Baxter","M","8989 Fahey Isle","","Quitzonview","","","Mongolia"
"R-743095236","4 passengers from UBMO: 2218-11-30T15:10 to 2219-02-06","P-914052056","Cooper","X","Lynch","X","009 Morar Ferry","Apt. 581","New Luke","","","Mongolia"
"R-743095236","4 passengers from UBMO: 2218-11-30T15:10 to 2219-02-06","P-321079052","Claire","U","Madden","F","06678 Botsford Point","Suite 475","East Dwighttown","","","Mongolia"
"R-859892665","2 passengers from SJCR: 2218-12-20T07:50 to 2219-01-07","P-528874820","Liam","U","Olsen","M","078 Grimes Fall","","Huelmouth","","","Costa Rica"
"R-859892665","2 passengers from SJCR: 2218-12-20T07:50 to 2219-01-07","P-355068645","Emily","I","Norris","X","575 Alethea Dale","Apt. 301","West Jarrett","","","Costa Rica"
"R-870993764","3 passengers from SJCR: 2218-12-13T05:20 to 2219-01-07","P-267234154","Faith","Q","Gibson","F","6510 Robin Lake","","East Lee","","","Costa Rica"
"R-870993764","3 passengers from SJCR: 2218-12-13T05:20 to 2219-01-07","P-503325539","Madeline","P","Joyner","F","632 Eric Coves","Suite 440","South Aja","","","Costa Rica"
"R-870993764","3 passengers from SJCR: 2218-12-13T05:20 to 2219-01-07","P-404536324","David","Y","Joyner","M","4053 Noel Cliffs","","Melaniaberg","","","Costa Rica"
"R-811444766","5 passengers from LHEN: 2218-11-28T10:10 to 2219-01-10","P-617974797","Jackson","O","Spears","M","935 Clementine Forks","Apt. 548","North Keenan","","","Great Britain"
"R-811444766","5 passengers from LHEN: 2218-11-28T10:10 to 2219-01-10","P-927532312","Serenity","F","Reyes","F","11614 Cory Station","","Vonstad","","","Great Britain"
"R-811444766","5 passengers from LHEN: 2218-11-28T10:10 to 2219-01-10","P-512964586","Thomas","L","Bell","M","70968 Kling Lodge","Apt. 413","Greenholtfort","","","Great Britain"
"R-811444766","5 passengers from LHEN: 2218-11-28T10:10 to 2219-01-10","P-967663301","Caroline","G","Harmon","F","9822 Hermina Rest","","New Kamala","","","Great Britain"
"R-811444766","5 passengers from LHEN: 2218-11-28T10:10 to 2219-01-10","P-730756200","Jordan","P","Cook","X","897 Russell Mission","Apt. 601","Durganchester","","","Great Britain"
"R-318217410","1 passenger from SJCR: 2218-11-28T18:30 to 2218-12-27","P-945199891","Kylie","P","Tillman","X","080 Gottlieb Hills","Suite 729","Minnafort","","","Costa Rica"
"R-790941864","5 passengers from UBMO: 2218-12-04T03:10 to 2219-01-06","P-20450822","Stella","V","Mcknight","X","47395 Vicenta Parkway","","Sengerhaven","","","Mongolia"
"R-790941864","5 passengers from UBMO: 2218-12-04T03:10 to 2219-01-06","P-336725191","Benjamin","O","Sellers","M","94080 Schneider Underpass","Apt. 851","Gorczanytown","","","Mongolia"
"R-790941864","5 passengers from UBMO: 2218-12-04T03:10 to 2219-01-06","P-915952514","Landon","V","Abbott","M","795 Lannie Camp","Apt. 449","Gerholdside","","","Mongolia"
"R-790941864","5 passengers from UBMO: 2218-12-04T03:10 to 2219-01-06","P-853821601","Aubrey","C","Avila","F","2126 Josh Stream","Suite 668","Wehnerburgh","","","Mongolia"
"R-790941864","5 passengers from UBMO: 2218-12-04T03:10 to 2219-01-06","P-576712310","Bella","C","Combs","F","1187 Lang Mountains","Suite 531","Medhurstmouth","","","Mongolia"
"R-454093455","2 passengers from SJCR: 2218-12-16T19:50 to 2218-12-27","P-264867101","Kimberly","P","Kirby","F","858 Shannon Square","","Port Dewaynemouth","","","Costa Rica"
"R-454093455","2 passengers from SJCR: 2218-12-16T19:50 to 2218-12-27","P-117170664","Bentley","G","Pacheco","X","5874 Kizzie Hollow","Apt. 744","South Janelside","","","Costa Rica"
